{
  "tenure": 0.3256914273568269,
  "MonthlyCharges": 0.2323290827325898,
  "TotalCharges": 0.1897315827002399,
  "Contract_Two year": 0.06098509219203567,
  "Contract_One year": 0.038907796703364764,
  "Partner": 0.01288425872388803,
  "StreamingMovies_Yes": 0.012536863042838261,
  "PaymentMethod_Electronic check": 0.01082238762551543,
  "TechSupport_Yes": 0.01051010370797683,
  "Dependents": 0.009941031913499442,
  "StreamingTV_Yes": 0.009854854219951005,
  "InternetService_Fiber optic": 0.009671761836116727,
  "SeniorCitizen": 0.009554045254572114,
  "gender": 0.00859120620232451,
  "PaperlessBilling": 0.008481013210116375,
  "PaymentMethod_Mailed check": 0.007910709415007579,
  "OnlineSecurity_Yes": 0.007312314020588676,
  "MultipleLines_Yes": 0.006918615587910363,
  "PaymentMethod_Credit card (automatic)": 0.006597348203319132,
  "DeviceProtection_Yes": 0.006091722217213875,
  "OnlineBackup_Yes": 0.005969614607831984,
  "MultipleLines_No phone service": 0.0044243500452204486,
  "PhoneService": 0.003367513168615414,
  "DeviceProtection_No internet service": 0.00046423777952148696,
  "OnlineSecurity_No internet service": 0.00019461767488796017,
  "StreamingMovies_No internet service": 0.0001875210506760908,
  "TechSupport_No internet service": 3.543427995961609e-05,
  "InternetService_No": 2.298629116407744e-05,
  "OnlineBackup_No internet service": 1.0508236227649394e-05,
  "StreamingTV_No internet service": 0.0
}